What is the millikelvin figure for the Halvorsen-Reyes buffer?	2265
What is the hours figure for the Okonkwo drift cell?	8370
What is the nanometres figure for the Marchetti-Sowande lattice?	4037
What is the microwatts figure for the Vlasenko aperture?	6417
What is the microradians figure for the Bergstrom coupling ring?	9007
What is the milliseconds figure for the Nakamura-Idris cascade?	2870
What is the ions figure for the Ferreira spin trap?	3372
What is the picoseconds figure for the Adeyemi phase gate?	3380
What is the kilonewtons figure for the Kowalczyk-Tan bridge?	2114
What is the minutes figure for the Dubois settling tank?	1429
What is the kilohertz figure for the Rahimi-Osei filter?	2308
What is the seconds figure for the Lindqvist echo chamber?	5967
What is the bar figure for the Bianchi-Owusu manifold?	9489
What is the seconds figure for the Sorensen intake valve?	9755
What is the degrees Celsius figure for the Achterberg column?	7473
What is the nanoseconds figure for the Mwangi-Petrov relay?	1855
What is the layers figure for the Ferrandiz plate stack?	9512
What is the amperes figure for the Haugen-Salazar coil?	5560
What is the decibels figure for the Novotny baffle array?	9142
What is the hertz figure for the Ishikawa-Traore probe?	4370
What is the cycles figure for the Delacroix seal ring?	9291
What is the microseconds figure for the Bakhtiari-Nyong sensor?	1346
